total_calendar_time,num_rework_cycles,prop_defects_caught_early,num_late_defects,handover_delay,condition,seed
95.54434413699568,1,1.0,0,0.0,plaintext,447473040
112.70521764775546,1,1.0,0,0.0,plaintext,992582322
95.84047253921364,1,1.0,0,0.0,plaintext,382009740
120.84075757910861,1,0.0,1,0.0,plaintext,953587957
130.62720055675413,0,0.0,0,4.70833838951401,plaintext,827148012
143.65235195253192,0,0.0,0,0.0,plaintext,639453026
123.67323145642798,0,0.0,0,3.958609084847508,plaintext,766262291
108.8314264131351,0,0.0,0,0.0,plaintext,975809009
109.36125457363548,0,0.0,0,0.0,plaintext,386220117
75.84548046833382,0,0.0,0,0.0,plaintext,77225028
135.62699923668822,3,0.3333333333333333,2,0.0,plaintext,454802478
105.32186899497681,0,0.0,0,0.0,plaintext,317456409
144.94749011392793,1,1.0,0,3.2420346848733783,plaintext,487140780
103.96589304551304,0,0.0,0,0.0,plaintext,919555406
123.95971329905522,0,0.0,0,0.0,plaintext,965575969
91.73118991330661,1,1.0,0,0.0,plaintext,675869564
95.53545234788105,0,0.0,0,0.0,plaintext,635632885
92.9284568822718,0,0.0,0,0.0,plaintext,285824935
96.89807045476817,0,0.0,0,0.0,plaintext,15031671
91.56058373417945,1,1.0,0,0.0,plaintext,389543024
99.8445898214965,0,0.0,0,3.707506080277522,plaintext,454321271
103.50917322627191,1,0.0,1,0.0,plaintext,230219559
78.29111572941672,0,0.0,0,0.0,plaintext,794838101
82.70283255973914,0,0.0,0,0.0,plaintext,166961150
145.5656739739362,0,0.0,0,0.0,plaintext,479755933
110.83071779547916,0,0.0,0,0.0,plaintext,153436428
95.44521648231199,0,0.0,0,0.0,plaintext,347652898
81.26509677356859,0,0.0,0,0.0,plaintext,974091700
113.69525749627188,0,0.0,0,0.0,plaintext,668703150
101.31625559894657,1,1.0,0,0.0,plaintext,423895849
104.01471616147978,0,0.0,0,0.0,plaintext,219814740
179.85910355478595,0,0.0,0,0.0,plaintext,63143894
140.49773789277808,0,0.0,0,0.0,plaintext,881447731
117.78207140490521,0,0.0,0,0.0,plaintext,491586484
134.5840490758878,1,0.0,1,0.0,plaintext,624296772
106.36878659102217,0,0.0,0,0.0,plaintext,288343373
110.68110803880809,0,0.0,0,3.6413541777051086,plaintext,56133189
82.55801661901717,0,0.0,0,0.0,plaintext,211616330
121.6552186232281,1,1.0,0,0.0,plaintext,137503976
135.7608395699563,1,1.0,0,0.0,plaintext,207432380
93.50834696236969,1,1.0,0,0.0,plaintext,143247786
105.09896038282724,0,0.0,0,0.0,plaintext,590850261
92.6500659226806,0,0.0,0,0.0,plaintext,570789615
102.5287022825666,1,1.0,0,0.0,plaintext,888064490
144.14222612562827,0,0.0,0,0.0,plaintext,481865928
133.87082271682982,2,0.5,1,0.0,plaintext,109832955
120.01747860528408,0,0.0,0,0.0,plaintext,321948478
119.87643750979315,1,0.0,1,0.0,plaintext,496302138
96.8986228886085,1,1.0,0,0.0,plaintext,305093937
76.74509051975932,0,0.0,0,0.0,plaintext,290132263
130.375983892701,1,1.0,0,0.0,plaintext,251474150
88.4056685098687,0,0.0,0,0.0,plaintext,485851451
119.76892659020426,1,1.0,0,0.0,plaintext,900107159
107.2457838961606,0,0.0,0,3.584535177729559,plaintext,948519479
109.95722202330913,1,0.0,1,0.0,plaintext,710945549
114.29550636450371,1,0.0,1,0.0,plaintext,926509019
99.11304269299501,0,0.0,0,0.0,plaintext,996288997
94.51185449658568,1,1.0,0,0.0,plaintext,760100735
111.69217466439339,1,0.0,1,0.0,plaintext,861937882
113.65874516935091,1,1.0,0,0.0,plaintext,782025993
90.16468782799114,0,0.0,0,0.0,plaintext,277907947
92.25735168755081,0,0.0,0,0.0,plaintext,941666499
112.23672498792874,1,0.0,1,0.0,plaintext,517621532
127.98321000973918,0,0.0,0,4.735787822661561,plaintext,113382854
113.32865803547443,1,0.0,1,0.0,plaintext,804581486
115.24729812556622,1,1.0,0,4.060425952976789,plaintext,64364266
114.34953151482836,1,1.0,0,0.0,plaintext,766010489
104.56534830307918,0,0.0,0,0.0,plaintext,283673415
130.40757815088173,1,1.0,0,4.347957501227084,plaintext,573661825
116.9524012914437,1,0.0,1,0.0,plaintext,625883818
128.6017996718057,1,1.0,0,0.0,plaintext,851419801
114.83200795389929,1,0.0,1,0.0,plaintext,953942859
114.51460967193911,0,0.0,0,0.0,plaintext,852025661
90.52278247363658,0,0.0,0,0.0,plaintext,462635587
143.50695239094495,2,0.5,1,0.0,plaintext,371118368
104.2445582200789,0,0.0,0,0.0,plaintext,483334549
155.3659179450499,1,0.0,1,0.0,plaintext,457102774
103.34462474696105,1,1.0,0,0.0,plaintext,339732187
132.69094662447603,1,1.0,0,0.0,plaintext,301182418
108.30571522141261,1,0.0,1,0.0,plaintext,345054914
114.63410404255079,2,1.0,0,0.0,plaintext,810528714
123.35578344169213,0,0.0,0,0.0,plaintext,493782063
106.32417415223205,1,0.0,1,0.0,plaintext,167372722
94.46824771521833,0,0.0,0,0.0,plaintext,562978820
99.98595965361204,0,0.0,0,0.0,plaintext,935559746
124.82259145110159,1,1.0,0,0.0,plaintext,481827246
116.40396072168527,2,0.0,2,0.0,plaintext,404645422
110.20077917293249,3,0.3333333333333333,2,0.0,plaintext,253821265
156.39776269414364,0,0.0,0,0.0,plaintext,287891266
106.17850369736242,1,1.0,0,0.0,plaintext,983527460
161.2139923614235,1,1.0,0,0.0,plaintext,140053688
132.94615871985437,2,0.5,1,0.0,plaintext,550759884
141.0016276642227,0,0.0,0,4.294018661192998,plaintext,464698867
122.68030870221477,1,1.0,0,0.0,plaintext,441621359
131.27505824818152,0,0.0,0,0.0,plaintext,225454055
96.73849431792965,0,0.0,0,0.0,plaintext,476745618
120.58739863535044,1,0.0,1,0.0,plaintext,900195610
118.71273557467357,0,0.0,0,4.125933662247785,plaintext,247469451
122.01512800026154,1,1.0,0,0.0,plaintext,322802783
132.885331755967,0,0.0,0,4.112148089713216,plaintext,657150516
123.18021499544349,1,0.0,1,0.0,plaintext,3466660
107.71388264292752,2,0.5,1,0.0,plaintext,713143839
105.90059323238859,1,1.0,0,0.0,plaintext,753426832
105.78893452847566,0,0.0,0,3.620106449634272,plaintext,864688366
145.22389422430822,1,1.0,0,0.0,plaintext,968779801
151.21956349510364,1,0.0,1,4.001470157031411,plaintext,43234328
121.33405565133191,1,1.0,0,0.0,plaintext,955298279
93.64485330354859,1,0.0,1,0.0,plaintext,931074390
127.45546296123612,0,0.0,0,0.0,plaintext,353795053
121.92025263815889,0,0.0,0,0.0,plaintext,637419582
106.95970462162234,0,0.0,0,0.0,plaintext,968555725
98.795407119114,0,0.0,0,0.0,plaintext,399988575
131.9022266343654,0,0.0,0,0.0,plaintext,948681580
107.86953639014915,1,1.0,0,0.0,plaintext,140268489
100.25598899699416,0,0.0,0,0.0,plaintext,277117881
137.15240869392414,1,0.0,1,0.0,plaintext,386791428
145.19596992681394,0,0.0,0,0.0,plaintext,957699356
143.4091217449433,0,0.0,0,4.565756121146019,plaintext,315171877
125.09194153428679,0,0.0,0,0.0,plaintext,648189767
107.0028833071975,1,0.0,1,0.0,plaintext,611157066
102.29651580657726,0,0.0,0,0.0,plaintext,205698925
138.19906425768727,0,0.0,0,0.0,plaintext,557915633
109.37667913602714,0,0.0,0,0.0,plaintext,548336761
141.36507986288268,1,0.0,1,0.0,plaintext,109748149
103.77566434500514,0,0.0,0,0.0,plaintext,480228992
102.49611283874133,2,0.5,1,0.0,plaintext,683854130
101.9944068697787,0,0.0,0,0.0,plaintext,837964783
116.10678390801333,2,0.5,1,0.0,plaintext,640146347
106.60130538977573,1,0.0,1,0.0,plaintext,657825303
137.796725770643,0,0.0,0,0.0,plaintext,159493643
112.72884818020653,2,0.5,1,0.0,plaintext,60369121
102.54495498492065,0,0.0,0,0.0,plaintext,921794951
99.64285494142274,0,0.0,0,0.0,plaintext,84547213
130.04580668648268,1,1.0,0,0.0,plaintext,987842919
98.28925928746342,1,1.0,0,0.0,plaintext,167397614
101.97730656171132,1,1.0,0,0.0,plaintext,470159950
76.11945325005627,0,0.0,0,0.0,plaintext,825196115
79.16579072211452,1,0.0,1,0.0,plaintext,369291339
96.416601686984,1,1.0,0,0.0,plaintext,988977319
128.75407151889,0,0.0,0,0.0,plaintext,74516613
94.09824983817143,0,0.0,0,0.0,plaintext,411567092
122.58310331277963,2,1.0,0,0.0,plaintext,626424573
114.90691054683141,1,0.0,1,0.0,plaintext,988861378
123.48005574750077,0,0.0,0,3.531039006509009,plaintext,553623579
77.3426779080186,0,0.0,0,3.742090804505765,plaintext,854626603
96.16796313861785,0,0.0,0,0.0,plaintext,122605031
90.77934096712418,0,0.0,0,0.0,plaintext,158086134
114.34771631489218,1,0.0,1,0.0,plaintext,298110392
99.16833839189101,0,0.0,0,0.0,plaintext,746742467
124.94106269592476,0,0.0,0,0.0,plaintext,203717161
142.49983894328165,0,0.0,0,0.0,plaintext,604399621
119.8580919612845,1,1.0,0,0.0,plaintext,808752209
117.36858641902255,0,0.0,0,0.0,plaintext,553208283
103.40692736596384,0,0.0,0,0.0,plaintext,896846352
126.13234897296607,0,0.0,0,0.0,plaintext,661093266
95.12858946227044,0,0.0,0,0.0,plaintext,52659496
110.49553216192604,2,0.0,2,0.0,plaintext,981451390
126.69304881827561,1,1.0,0,0.0,plaintext,724822299
103.72005549886538,0,0.0,0,4.76652877182306,plaintext,190580314
104.65642576847522,0,0.0,0,0.0,plaintext,795342251
150.18523670557423,0,0.0,0,8.753862323138305,plaintext,944534980
108.26231108221691,0,0.0,0,3.867107242486505,plaintext,797241861
117.29816011709666,1,0.0,1,4.016920951274106,plaintext,339854244
95.28409213490144,0,0.0,0,0.0,plaintext,906042803
114.97373937550779,1,0.0,1,3.2795645617116094,plaintext,773984328
79.41317671361469,0,0.0,0,0.0,plaintext,588259232
119.92576460724736,0,0.0,0,0.0,plaintext,279760348
100.32356155185369,1,0.0,1,0.0,plaintext,181252857
90.17746620599782,0,0.0,0,0.0,plaintext,247430302
111.98131516488036,1,0.0,1,0.0,plaintext,143888555
112.2526156433671,0,0.0,0,4.299709546159125,plaintext,61985388
103.1595030642286,2,0.5,1,0.0,plaintext,621891053
158.8974001597753,1,1.0,0,0.0,plaintext,677652332
114.79171306534361,0,0.0,0,0.0,plaintext,381178258
112.58171104645922,0,0.0,0,0.0,plaintext,365061068
122.00391494322304,1,0.0,1,0.0,plaintext,84620979
165.6764772981404,2,0.5,1,3.5756812096187844,plaintext,429556386
114.12906777669939,0,0.0,0,0.0,plaintext,492987490
170.9588144879531,1,1.0,0,0.0,plaintext,990180915
121.7525392588271,0,0.0,0,4.399612954752233,plaintext,11080979
103.16399613604385,1,0.0,1,0.0,plaintext,315287187
107.6106987112276,0,0.0,0,0.0,plaintext,920734944
109.16659864820772,0,0.0,0,0.0,plaintext,823697066
123.58476335012281,1,0.0,1,3.2179748047924788,plaintext,564635353
116.99808647655102,2,0.5,1,0.0,plaintext,552588324
74.568681874376,0,0.0,0,0.0,plaintext,492032974
115.07509183255763,0,0.0,0,0.0,plaintext,125046661
113.49467275407784,1,1.0,0,0.0,plaintext,413585061
123.20419252719168,1,0.0,1,0.0,plaintext,246982878
114.8787616231791,0,0.0,0,0.0,plaintext,23560128
100.83948456637344,0,0.0,0,0.0,plaintext,103560791
108.92152784009016,0,0.0,0,4.730644591148724,plaintext,133777304
163.42381478867426,4,0.75,1,0.0,plaintext,239803132
116.14569268306761,0,0.0,0,0.0,plaintext,889168960
100.78040346510231,0,0.0,0,0.0,plaintext,875222155
154.3678696032997,1,0.0,1,0.0,plaintext,661416043
129.7897224019797,1,1.0,0,0.0,plaintext,809007981
93.08396443814894,1,0.0,1,0.0,plaintext,576615947
118.91775001370905,2,0.0,2,4.184244918219298,plaintext,67141744
104.41535621035197,1,0.0,1,0.0,plaintext,267830868
86.21520353201352,0,0.0,0,0.0,plaintext,329354583
122.98881372487261,0,0.0,0,0.0,plaintext,654643125
119.59628950739352,0,0.0,0,0.0,plaintext,367516382
108.38594182905814,0,0.0,0,0.0,plaintext,646464213
107.82580673145237,0,0.0,0,0.0,plaintext,868793061
127.41892909262,0,0.0,0,0.0,plaintext,602526428
147.35893983701104,2,1.0,0,0.0,plaintext,665034469
95.1616289488506,0,0.0,0,0.0,plaintext,8963074
98.88722407021754,2,0.5,1,0.0,plaintext,228654514
98.32089767862558,0,0.0,0,0.0,plaintext,296219344
98.30469114645956,0,0.0,0,0.0,plaintext,212680934
110.39001989442016,1,0.0,1,0.0,plaintext,450153794
124.12832966666276,3,0.3333333333333333,2,0.0,plaintext,731560432
122.75113541664079,2,0.0,2,4.477320702348189,plaintext,332541035
154.53707733335466,0,0.0,0,0.0,plaintext,561782318
90.14432385513777,0,0.0,0,0.0,plaintext,638929199
93.5747638633913,1,0.0,1,0.0,plaintext,358097744
101.4662307342327,0,0.0,0,4.211036682048677,plaintext,630040334
118.14571468457149,0,0.0,0,0.0,plaintext,807143625
93.96889943371616,1,0.0,1,0.0,plaintext,297224873
137.38403886147194,1,0.0,1,0.0,plaintext,460285103
109.3415595396389,1,1.0,0,0.0,plaintext,679670762
91.69037069528794,0,0.0,0,0.0,plaintext,515412273
125.19468498672725,0,0.0,0,0.0,plaintext,180906942
123.4540385573979,1,1.0,0,0.0,plaintext,671392392
89.13093053603342,0,0.0,0,0.0,plaintext,318050639
121.97941189930818,0,0.0,0,0.0,plaintext,259581607
113.46236385076747,1,1.0,0,0.0,plaintext,723374196
147.73917883970913,3,0.3333333333333333,2,0.0,plaintext,557031636
117.5755247889385,1,1.0,0,0.0,plaintext,95667874
117.43811304620723,1,1.0,0,0.0,plaintext,64720926
85.55053114592222,1,0.0,1,0.0,plaintext,745654027
107.5895136180396,0,0.0,0,4.395262521794453,plaintext,243772690
118.65870755253461,3,0.6666666666666666,1,0.0,plaintext,783197421
130.2588386782662,1,1.0,0,0.0,plaintext,674165167
101.2185062357908,0,0.0,0,0.0,plaintext,588172484
105.63131636835354,1,1.0,0,3.8954205555112633,plaintext,963888210
100.88781804348027,1,1.0,0,0.0,plaintext,547426594
91.34440826022964,0,0.0,0,0.0,plaintext,36225404
111.5043334367986,1,1.0,0,3.5063262583801893,plaintext,548757147
116.5808580925187,0,0.0,0,0.0,plaintext,869809765
138.18385757404036,1,1.0,0,0.0,plaintext,527353718
146.10266182514596,1,1.0,0,4.406523008591885,plaintext,516209163
94.3088786075822,1,1.0,0,0.0,plaintext,354762101
117.53296295471682,1,0.0,1,0.0,plaintext,943477831
135.6113428959511,0,0.0,0,0.0,plaintext,614851516
124.51141995303915,1,1.0,0,0.0,plaintext,76963994
103.7314124683364,0,0.0,0,0.0,plaintext,588801070
112.7970666387284,0,0.0,0,0.0,plaintext,400418832
89.98725875288517,0,0.0,0,0.0,plaintext,191600381
107.05400066748038,0,0.0,0,0.0,plaintext,899314878
118.95514997567435,0,0.0,0,0.0,plaintext,99424054
100.02045828030165,0,0.0,0,0.0,plaintext,529740291
95.24085008841465,0,0.0,0,0.0,plaintext,392816622
123.67104437487579,0,0.0,0,0.0,plaintext,5204225
96.0256444624816,0,0.0,0,0.0,plaintext,319959546
117.08058350705949,2,0.5,1,0.0,plaintext,135935332
108.5948252499834,0,0.0,0,0.0,plaintext,506449153
113.05516876297074,1,1.0,0,0.0,plaintext,844586004
118.41300505571897,1,1.0,0,0.0,plaintext,215050173
112.01364672440884,0,0.0,0,0.0,plaintext,349081854
122.99926977087449,0,0.0,0,3.742590903892078,plaintext,327174267
116.34574968351326,0,0.0,0,0.0,plaintext,233209244
113.41544974359921,1,1.0,0,0.0,plaintext,618328429
111.19379140100054,0,0.0,0,3.2019946461071314,plaintext,688877828
105.71198436388198,0,0.0,0,0.0,plaintext,407864819
122.59589694777128,1,0.0,1,0.0,plaintext,445411943
117.28625929396048,1,0.0,1,0.0,plaintext,942464850
108.69170421784641,1,0.0,1,0.0,plaintext,861518592
85.07793136282596,0,0.0,0,0.0,plaintext,170556779
104.13294400050889,0,0.0,0,0.0,plaintext,387954189
117.35036074825567,0,0.0,0,0.0,plaintext,494559514
104.13487395957111,1,1.0,0,0.0,plaintext,351579420
112.7217599891963,0,0.0,0,0.0,plaintext,555693044
94.99982144507639,2,1.0,0,0.0,plaintext,22149844
95.22134570477961,1,0.0,1,3.9502520398946652,plaintext,689601167
110.76800903367445,0,0.0,0,0.0,plaintext,555882149
131.04344353063453,0,0.0,0,0.0,plaintext,958418814
120.70058148317872,2,1.0,0,0.0,plaintext,61422276
90.33885501998796,0,0.0,0,0.0,plaintext,942498154
101.02949826138611,1,0.0,1,0.0,plaintext,6651637
114.38092177364136,0,0.0,0,0.0,plaintext,200573595
117.92890030756526,0,0.0,0,0.0,plaintext,674111385
99.24741832307772,0,0.0,0,0.0,plaintext,456762781
135.29177603169921,1,1.0,0,0.0,plaintext,809634159
100.42211885707181,2,0.0,2,0.0,plaintext,94327946
108.74951642461293,0,0.0,0,0.0,plaintext,537282363
109.89606096910612,0,0.0,0,0.0,plaintext,453075192
95.25713623644901,1,1.0,0,0.0,plaintext,685731202
116.10507900888186,2,0.5,1,0.0,plaintext,685601480
144.48209591769643,2,1.0,0,0.0,plaintext,514915188
85.4325854233561,0,0.0,0,3.4597032186172334,plaintext,303876278
133.5996672192293,1,0.0,1,0.0,plaintext,803758286
115.78655267024605,1,0.0,1,0.0,plaintext,691946828
124.15385796933352,0,0.0,0,0.0,plaintext,137000193
130.1844024412203,1,0.0,1,0.0,plaintext,473517471
136.414174216779,0,0.0,0,0.0,plaintext,544316410
116.59542722191273,0,0.0,0,4.5854252284685355,plaintext,706544525
130.78437428650398,1,1.0,0,0.0,plaintext,945535519
89.20851953895514,2,0.5,1,0.0,plaintext,446843535
117.18405197832269,0,0.0,0,0.0,plaintext,274830476
118.95733218780579,0,0.0,0,0.0,plaintext,314324025
141.41961082257433,2,0.5,1,0.0,plaintext,430845169
96.00557686212264,0,0.0,0,0.0,plaintext,655871210
115.60856659175813,1,0.0,1,0.0,plaintext,400091173
119.21886695556623,1,0.0,1,0.0,plaintext,185949510
117.92768068285199,1,1.0,0,0.0,plaintext,456495051
110.72338894579902,0,0.0,0,0.0,plaintext,57736030
103.01039491364672,0,0.0,0,0.0,plaintext,190919729
91.63505827717191,1,1.0,0,0.0,plaintext,330103771
107.97446803156362,0,0.0,0,0.0,plaintext,639787084
133.88022508197847,0,0.0,0,0.0,plaintext,967524196
111.07476948412699,0,0.0,0,0.0,plaintext,354418978
155.16775952583032,1,1.0,0,0.0,plaintext,564154521
139.7045685701569,1,1.0,0,0.0,plaintext,877614377
146.38127837288303,0,0.0,0,0.0,plaintext,944662348
127.33055751763735,1,1.0,0,0.0,plaintext,274326663
164.57312874891312,1,1.0,0,0.0,plaintext,284380759
109.92340738722439,0,0.0,0,0.0,plaintext,453008913
94.73051370711545,0,0.0,0,0.0,plaintext,216604335
105.04514444400093,2,0.5,1,0.0,plaintext,219280484
133.7642914578695,0,0.0,0,0.0,plaintext,926765299
99.01882433613187,0,0.0,0,0.0,plaintext,766839762
93.65161391906669,0,0.0,0,0.0,plaintext,492349084
114.39892644697346,2,0.0,2,0.0,plaintext,274888959
150.5483227095977,1,1.0,0,0.0,plaintext,33010888
105.77567878180669,0,0.0,0,3.724194491533703,plaintext,374584053
131.98422084430152,0,0.0,0,0.0,plaintext,700678565
124.78229577198024,0,0.0,0,0.0,plaintext,438033423
152.72403816167818,2,0.5,1,0.0,plaintext,382316428
113.66509252046819,0,0.0,0,0.0,plaintext,968579090
158.86233601699837,0,0.0,0,3.965662472807793,plaintext,214843783
103.43486023293634,1,1.0,0,0.0,plaintext,925394652
108.43629858560686,1,1.0,0,0.0,plaintext,412186052
94.7763009686655,1,1.0,0,0.0,plaintext,363107803
119.59537098225351,1,1.0,0,3.9625128138534973,plaintext,449858227
97.73579773782991,1,1.0,0,0.0,plaintext,633107520
104.59551003023763,1,0.0,1,0.0,plaintext,183299706
100.65271035790741,0,0.0,0,0.0,plaintext,461502985
110.6814509135483,1,1.0,0,0.0,plaintext,789683892
124.12696803119431,1,0.0,1,4.326385206763132,plaintext,120708117
163.90054891111438,0,0.0,0,0.0,plaintext,583251598
98.08505077619446,2,0.5,1,0.0,plaintext,288217866
92.53466179472927,0,0.0,0,0.0,plaintext,535175693
99.85126773133364,1,0.0,1,0.0,plaintext,281903757
94.52318056065285,0,0.0,0,0.0,plaintext,538619429
120.62093061187657,0,0.0,0,0.0,plaintext,460173677
85.93888448776596,0,0.0,0,0.0,plaintext,759408424
78.90927939462529,1,0.0,1,0.0,plaintext,617655519
118.42759748811746,1,1.0,0,0.0,plaintext,313570036
112.24583881609922,1,1.0,0,4.510577174870959,plaintext,691595608
151.19637087214664,0,0.0,0,0.0,plaintext,352621705
145.79947139321644,1,1.0,0,0.0,plaintext,996130212
159.58626081405913,0,0.0,0,0.0,plaintext,655572263
79.3286754666566,0,0.0,0,0.0,plaintext,618534858
101.1759754648111,0,0.0,0,0.0,plaintext,727002109
100.00689138650006,0,0.0,0,0.0,plaintext,956493355
106.2652496145203,0,0.0,0,0.0,plaintext,716496990
106.36309399004864,1,0.0,1,0.0,plaintext,269266579
112.77171768088084,1,0.0,1,0.0,plaintext,466476260
103.82457992188125,0,0.0,0,0.0,plaintext,115181282
114.51907652081114,0,0.0,0,0.0,plaintext,891108879
132.41833657051413,0,0.0,0,0.0,plaintext,89358829
136.31176681445194,0,0.0,0,0.0,plaintext,166916655
134.6700206900257,2,0.0,2,0.0,plaintext,397896395
127.54847536517111,1,1.0,0,0.0,plaintext,334722395
93.78694402761346,0,0.0,0,0.0,plaintext,972230301
121.36898567841449,2,0.5,1,0.0,plaintext,263556670
111.26548196058296,0,0.0,0,0.0,plaintext,189097457
99.4427946032561,0,0.0,0,0.0,plaintext,843949316
127.69002664166362,0,0.0,0,0.0,plaintext,491270105
81.14011796854247,0,0.0,0,0.0,plaintext,109494168
94.71759436974776,0,0.0,0,0.0,plaintext,52029383
105.08458091864145,2,0.5,1,0.0,plaintext,134766379
124.94762269362417,1,0.0,1,3.488469577690719,plaintext,557648462
171.96108254100568,2,0.5,1,0.0,plaintext,15924208
132.4580107088605,0,0.0,0,0.0,plaintext,947280770
106.7488769455976,0,0.0,0,0.0,plaintext,67454259
126.04015626548725,1,1.0,0,0.0,plaintext,319213990
139.67358283139217,0,0.0,0,0.0,plaintext,903001922
130.3932834756098,1,0.0,1,0.0,plaintext,699797273
126.88629372799495,0,0.0,0,0.0,plaintext,700728911
145.13679845720904,2,0.5,1,0.0,plaintext,31610656
130.04961010307454,0,0.0,0,0.0,plaintext,109511890
159.17459353750652,1,0.0,1,0.0,plaintext,822831444
106.20573048163098,1,0.0,1,0.0,plaintext,556761919
110.2597118585284,0,0.0,0,0.0,plaintext,996696074
95.81537809665791,1,1.0,0,0.0,plaintext,132773172
93.98142011559283,0,0.0,0,0.0,plaintext,604062473
130.84902414058737,0,0.0,0,0.0,plaintext,991358730
92.92431654605552,0,0.0,0,0.0,plaintext,571653004
137.61674069540146,0,0.0,0,0.0,plaintext,262083759
103.8715675864094,0,0.0,0,0.0,plaintext,902901359
101.94153463205745,0,0.0,0,0.0,plaintext,902870476
95.1691616038245,0,0.0,0,0.0,plaintext,68180413
104.21075799042804,0,0.0,0,0.0,plaintext,947509507
93.18126405417325,1,1.0,0,0.0,plaintext,713013167
110.04107418417448,0,0.0,0,0.0,plaintext,756617393
119.22315554271641,0,0.0,0,0.0,plaintext,919207278
117.90733180718934,0,0.0,0,0.0,plaintext,667349317
135.00359920117052,2,0.0,2,0.0,plaintext,125701680
96.12761805332035,0,0.0,0,0.0,plaintext,308536746
156.6466647725049,1,0.0,1,0.0,plaintext,782680168
175.73545807342498,3,0.3333333333333333,2,0.0,plaintext,283213731
85.65498928439237,0,0.0,0,0.0,plaintext,349617538
111.41447005686841,1,1.0,0,0.0,plaintext,793052587
125.4753477505265,2,0.5,1,0.0,plaintext,164973335
139.01799286304006,1,1.0,0,3.5357185536330022,plaintext,240601020
117.91356890926048,1,1.0,0,8.488346965827194,plaintext,67791557
119.74072691848845,1,0.0,1,0.0,plaintext,838768470
117.35266515282719,0,0.0,0,0.0,plaintext,978032798
253.19208911655525,1,0.0,1,0.0,plaintext,829612023
124.73128759568662,1,1.0,0,0.0,plaintext,360671123
91.0639020800377,0,0.0,0,0.0,plaintext,741582494
101.88282265052797,0,0.0,0,0.0,plaintext,374259088
138.85181183034163,1,0.0,1,0.0,plaintext,603238916
130.48384882319877,1,1.0,0,0.0,plaintext,270295715
89.38553366272461,0,0.0,0,3.5514568455697426,plaintext,283388119
96.30264879129074,0,0.0,0,0.0,plaintext,102560789
119.96091994135197,2,0.0,2,8.016627665021158,plaintext,469154820
158.48911814340855,0,0.0,0,0.0,plaintext,691519909
114.85063596212743,0,0.0,0,0.0,plaintext,143621174
112.698815266756,1,0.0,1,0.0,plaintext,852876857
92.44880787058793,0,0.0,0,0.0,plaintext,44799168
123.16763313690372,0,0.0,0,0.0,plaintext,266816418
113.93473014600873,0,0.0,0,0.0,plaintext,726226511
116.71683617211107,0,0.0,0,0.0,plaintext,134850090
102.53535644474346,0,0.0,0,0.0,plaintext,475477581
126.20841824182492,0,0.0,0,0.0,plaintext,917069358
157.39505078990967,0,0.0,0,0.0,plaintext,52219841
80.31495323803429,0,0.0,0,0.0,plaintext,189544742
78.32757258014783,0,0.0,0,0.0,plaintext,658133822
114.88977493899618,1,1.0,0,0.0,plaintext,523607556
106.44871090174897,0,0.0,0,4.512282739009752,plaintext,849078917
131.10754959935812,3,0.3333333333333333,2,0.0,plaintext,676336208
103.85749255813789,0,0.0,0,0.0,plaintext,945874783
93.5333396813562,0,0.0,0,0.0,plaintext,367255144
144.04234707629593,1,0.0,1,0.0,plaintext,669337030
131.37639589130322,1,0.0,1,0.0,plaintext,409438353
87.33399542694451,1,0.0,1,0.0,plaintext,446407367
110.17564435292546,0,0.0,0,0.0,plaintext,997726997
119.19090506109652,1,0.0,1,0.0,plaintext,27915232
93.43631107940054,0,0.0,0,0.0,plaintext,178863902
102.15899629944323,1,0.0,1,0.0,plaintext,852396421
84.1229777124045,0,0.0,0,0.0,plaintext,266134352
120.58229339777117,1,1.0,0,4.082343223057411,plaintext,757394746
91.0579067420413,0,0.0,0,0.0,plaintext,645804112
86.38606054553404,0,0.0,0,0.0,plaintext,794737426
88.89126273172317,0,0.0,0,0.0,plaintext,750598177
98.18375201734084,1,0.0,1,0.0,plaintext,815374320
111.04814915473148,0,0.0,0,0.0,plaintext,662208983
115.49015622607033,1,1.0,0,0.0,plaintext,877162405
89.5068677415956,1,1.0,0,0.0,plaintext,472050996
125.23136492819228,0,0.0,0,0.0,plaintext,382199094
118.47454914647568,0,0.0,0,0.0,plaintext,136242102
113.69114733758842,2,0.0,2,0.0,plaintext,826167518
104.17030324377532,1,1.0,0,0.0,plaintext,7673050
95.26273080291918,1,0.0,1,0.0,plaintext,126058863
124.9992174735556,0,0.0,0,0.0,plaintext,612550675
124.77845641974916,1,1.0,0,3.600140131129198,plaintext,958180396
115.23738450887006,0,0.0,0,0.0,plaintext,98468611
112.66478756375713,1,1.0,0,0.0,plaintext,42443258
90.47451534222765,0,0.0,0,0.0,plaintext,273840713
117.46049149101658,2,0.5,1,0.0,plaintext,217709039
103.2785372091836,1,1.0,0,0.0,plaintext,156136075
146.67589935745363,1,1.0,0,0.0,plaintext,362918729
123.0347221952667,1,1.0,0,0.0,plaintext,307494763
95.2141904724355,0,0.0,0,4.217354633782854,plaintext,296689951
109.48473664905575,0,0.0,0,0.0,plaintext,931260574
123.9078079904851,2,1.0,0,0.0,plaintext,65144382
96.02424196089754,1,1.0,0,0.0,plaintext,402212054
91.18394805638994,1,1.0,0,0.0,plaintext,888795242
116.00805275914753,1,1.0,0,0.0,plaintext,483888003
90.71841118001818,1,0.0,1,0.0,plaintext,489674273
83.40778913755364,0,0.0,0,3.406791936213379,plaintext,389942348
94.88868760919536,0,0.0,0,0.0,plaintext,937600568
138.20513306521582,2,0.5,1,0.0,plaintext,783418786
83.349107303589,0,0.0,0,0.0,plaintext,471916218
137.69913647009625,0,0.0,0,0.0,plaintext,776632305
157.5718782986829,0,0.0,0,0.0,plaintext,235764734
129.90320922700565,3,0.6666666666666666,1,0.0,plaintext,103658126
122.21670872826431,0,0.0,0,4.045684781253853,plaintext,374670870
126.37778069696857,0,0.0,0,6.628677640396571,plaintext,695052298
140.65443797746394,1,0.0,1,0.0,plaintext,257347746
98.34420929637005,0,0.0,0,0.0,plaintext,433076686
75.49099449237109,0,0.0,0,0.0,plaintext,406736251
98.74526425314025,1,0.0,1,0.0,plaintext,217772503
133.8663948167867,2,1.0,0,0.0,plaintext,207535514
96.21866731650745,3,0.3333333333333333,2,0.0,plaintext,618677316
144.01438916062858,3,0.6666666666666666,1,0.0,plaintext,616445536
118.63644424534083,0,0.0,0,0.0,plaintext,481768321
102.74595267692307,1,1.0,0,0.0,plaintext,192696041
115.32266031246651,0,0.0,0,0.0,plaintext,350899499
142.23024194136963,2,1.0,0,0.0,plaintext,559967936
127.10844603402904,1,1.0,0,0.0,plaintext,900300954
150.4210998909676,1,1.0,0,0.0,plaintext,914246328
145.52587623007685,2,0.5,1,0.0,plaintext,651842482
103.56668611986011,1,1.0,0,0.0,plaintext,851661885
122.8086082616739,1,0.0,1,3.2156429649448053,plaintext,512547061
154.06504222572835,2,0.0,2,0.0,plaintext,197335527
100.95850446799405,1,0.0,1,7.763293597318421,mixed,851852039
106.9702976437954,0,0.0,0,0.0,mixed,178934813
92.64476014322315,2,0.0,2,0.0,mixed,26417538
106.98896301283087,3,0.0,3,7.482817929657637,mixed,639913165
80.29228285193871,1,0.0,1,0.0,mixed,79828050
95.74688567256173,0,0.0,0,0.0,mixed,370500527
86.12157349526855,0,0.0,0,0.0,mixed,643451100
94.42611339499886,2,0.0,2,0.0,mixed,354917334
127.6466351282079,2,0.0,2,10.300271603849705,mixed,831061074
89.62003247447933,1,0.0,1,0.0,mixed,790518245
131.66738370696726,1,0.0,1,8.206540529728908,mixed,704427442
92.54724076868312,1,0.0,1,0.0,mixed,905143836
86.5508419890381,1,0.0,1,0.0,mixed,721208577
95.2751748496423,0,0.0,0,0.0,mixed,177353191
107.03950390589993,1,0.0,1,0.0,mixed,858454901
97.338404622729,0,0.0,0,0.0,mixed,652784802
88.51244527807833,0,0.0,0,0.0,mixed,98466697
73.95762586692372,0,0.0,0,0.0,mixed,298302767
99.65772370656893,0,0.0,0,0.0,mixed,165673505
105.34152525405817,1,0.0,1,0.0,mixed,966962200
123.36404595545972,1,0.0,1,0.0,mixed,727960016
145.14407212299807,2,0.5,1,0.0,mixed,919850160
97.9754316394733,1,1.0,0,0.0,mixed,282499140
97.19143635105229,1,0.0,1,0.0,mixed,635870804
122.41032827710416,3,0.0,3,0.0,mixed,604174196
102.77086241702438,2,0.5,1,0.0,mixed,752732096
133.45522418047855,2,0.0,2,10.518103740527843,mixed,118016265
105.9291778439884,1,1.0,0,0.0,mixed,515153696
88.96116766774547,0,0.0,0,0.0,mixed,644543242
127.77532462238872,1,1.0,0,0.0,mixed,825895258
107.1394343559866,1,0.0,1,0.0,mixed,656086509
119.88255275127291,2,0.5,1,0.0,mixed,448380545
95.5213895517164,2,0.0,2,0.0,mixed,460134393
108.5543040754261,1,0.0,1,0.0,mixed,338812453
96.28786222530259,1,1.0,0,0.0,mixed,157239618
110.47851531154352,1,0.0,1,7.870439494717347,mixed,277899215
74.87200364795123,0,0.0,0,7.3650436048285135,mixed,146127199
119.54209964552474,2,0.5,1,0.0,mixed,226333056
85.27105269243364,0,0.0,0,0.0,mixed,853797426
103.34542046464979,1,0.0,1,10.32185777796687,mixed,525816843
102.0692180856862,1,0.0,1,0.0,mixed,91600564
101.04235633825974,1,0.0,1,0.0,mixed,430912060
119.8384940375431,1,0.0,1,0.0,mixed,270785516
64.60338599649886,0,0.0,0,0.0,mixed,663180620
101.83710904104935,2,0.5,1,0.0,mixed,830299344
98.43945045436612,1,0.0,1,10.636464886994139,mixed,12840482
121.18150386562523,2,0.0,2,0.0,mixed,465818301
90.96028107292156,0,0.0,0,0.0,mixed,447701901
72.11305048657024,0,0.0,0,0.0,mixed,990701122
89.71266778411494,1,0.0,1,0.0,mixed,365180800
115.0485174666893,2,0.0,2,0.0,mixed,165218790
98.31670776791452,2,0.5,1,0.0,mixed,195397599
115.75204168228971,0,0.0,0,10.009023870815867,mixed,477551855
107.34219771107898,1,0.0,1,0.0,mixed,594865870
103.97841169190782,0,0.0,0,10.10187233639063,mixed,326566333
85.78903538063871,0,0.0,0,0.0,mixed,435313155
111.01118324850569,3,0.3333333333333333,2,9.8921351893079,mixed,663280011
84.26593463272737,1,0.0,1,0.0,mixed,299991503
88.57625609906358,1,0.0,1,0.0,mixed,935244700
76.21784972633897,0,0.0,0,0.0,mixed,874624056
129.15238820778924,2,0.0,2,0.0,mixed,956986510
105.58747875064097,3,0.3333333333333333,2,0.0,mixed,797462315
98.2736479921561,1,0.0,1,0.0,mixed,528718741
86.58674178255339,1,0.0,1,0.0,mixed,606709676
165.2928498980725,3,0.6666666666666666,1,9.92530629110568,mixed,206695213
111.09281302766944,1,1.0,0,0.0,mixed,345100578
87.23684487949907,2,0.0,2,7.540705944587094,mixed,463146014
127.23949395361055,0,0.0,0,17.117046414841205,mixed,946819790
90.33408986069469,1,0.0,1,0.0,mixed,794777847
109.19538221126709,1,0.0,1,0.0,mixed,563377374
120.59489999478956,2,0.5,1,8.36577890833337,mixed,595057515
83.30959816102161,1,0.0,1,0.0,mixed,432762739
79.21350552054889,0,0.0,0,0.0,mixed,419448251
113.3294460520345,2,0.0,2,0.0,mixed,900449598
100.71192406894573,1,0.0,1,0.0,mixed,4144258
113.16506429502324,0,0.0,0,9.790148482471949,mixed,319341803
90.17853409565922,0,0.0,0,0.0,mixed,408366689
125.08971468609617,2,1.0,0,0.0,mixed,411896741
140.9470050101073,3,0.3333333333333333,2,7.5247931914781,mixed,313820327
94.73062982850008,0,0.0,0,0.0,mixed,78354526
111.34186975271572,1,0.0,1,0.0,mixed,261553046
107.84245472197885,2,0.5,1,0.0,mixed,105724288
91.14549367452584,1,0.0,1,0.0,mixed,700840889
97.264448673462,0,0.0,0,0.0,mixed,227891978
98.80451655284696,1,0.0,1,0.0,mixed,540060430
95.0691539940572,1,0.0,1,0.0,mixed,493110322
138.1108366022437,2,0.0,2,10.73363797286611,mixed,472761521
94.81213731941381,1,0.0,1,8.40259738149626,mixed,580028452
98.42164309144403,1,0.0,1,10.77093312407635,mixed,626646424
119.15853837912903,2,0.5,1,0.0,mixed,188906364
93.5994559807794,0,0.0,0,8.253783615011097,mixed,155028874
91.90249544409852,0,0.0,0,0.0,mixed,731240658
103.77505503114071,2,0.0,2,0.0,mixed,972641812
111.6354112921933,0,0.0,0,0.0,mixed,548483064
99.2878356443269,1,0.0,1,0.0,mixed,450799639
117.39406270132147,2,0.0,2,0.0,mixed,621503259
102.09845179462474,1,0.0,1,0.0,mixed,34648357
85.18636312412696,3,0.0,3,0.0,mixed,372144316
84.8073432341022,0,0.0,0,8.314916329908145,mixed,358750330
109.90996208580648,1,0.0,1,0.0,mixed,420193259
105.93457032062102,2,1.0,0,0.0,mixed,743970309
120.90597307663896,1,1.0,0,0.0,mixed,494829677
114.40875732798114,0,0.0,0,19.462234057361457,mixed,855780258
124.4705037482096,2,0.0,2,0.0,mixed,469970912
105.38117007918375,1,0.0,1,7.956771623854876,mixed,33987495
116.94161883035724,2,0.5,1,0.0,mixed,675639222
116.48721224854366,3,0.3333333333333333,2,0.0,mixed,798068555
155.62790923169393,1,1.0,0,7.920920321528278,mixed,577177504
90.67849485949051,1,0.0,1,0.0,mixed,937534414
112.93248086606287,4,0.25,3,0.0,mixed,416270642
129.87824127268001,4,0.25,3,0.0,mixed,797115652
121.06546652686598,2,0.5,1,8.8213429711383,mixed,1802353
141.05240318766465,1,0.0,1,0.0,mixed,38979478
152.8614113039971,1,1.0,0,0.0,mixed,794031060
94.1494744598194,0,0.0,0,0.0,mixed,519384220
126.10985256645503,2,0.5,1,0.0,mixed,752719568
119.90511015937751,1,1.0,0,10.353452350353704,mixed,326544663
93.16847146883147,1,0.0,1,0.0,mixed,727025185
98.58948120103847,2,0.0,2,0.0,mixed,499955022
110.86722796484041,2,0.5,1,0.0,mixed,303575916
102.49250541368966,2,0.0,2,0.0,mixed,93445933
138.86172694975107,2,0.5,1,9.078227954584271,mixed,174661985
84.37970667023163,1,0.0,1,0.0,mixed,904704072
82.97221867047124,2,0.0,2,0.0,mixed,443818046
95.73757180915172,1,0.0,1,0.0,mixed,989736167
143.83692666659715,3,0.6666666666666666,1,0.0,mixed,352875339
102.4068839664812,2,0.0,2,7.763910137882222,mixed,58735217
115.57970173694046,1,0.0,1,0.0,mixed,256210521
90.86245827654926,0,0.0,0,0.0,mixed,358231218
77.75866080438068,0,0.0,0,0.0,mixed,701011156
99.96120509507654,2,0.0,2,0.0,mixed,730064577
101.26862859677708,2,0.0,2,10.534649036845078,mixed,736963250
100.18815852331599,0,0.0,0,8.341126163618492,mixed,380010776
122.4344721617557,3,0.0,3,0.0,mixed,567049758
96.16115330071364,1,0.0,1,0.0,mixed,606302239
88.13660558116712,2,0.0,2,0.0,mixed,416570962
88.77873760444707,1,0.0,1,0.0,mixed,190204762
85.66111975126962,0,0.0,0,7.402595787645342,mixed,774212157
89.26810132796828,1,0.0,1,0.0,mixed,520756343
133.82110160413737,2,0.0,2,0.0,mixed,958464400
107.31903618025416,2,0.0,2,10.632204860740208,mixed,946104438
106.31404118494557,2,0.0,2,8.086204899417949,mixed,888395426
95.06285600924055,0,0.0,0,0.0,mixed,960759022
102.53884079296165,1,0.0,1,8.925841604492298,mixed,620935464
131.62521432087348,2,0.0,2,0.0,mixed,298238390
96.79593809488887,0,0.0,0,0.0,mixed,160274312
99.2626422708712,1,0.0,1,0.0,mixed,105219006
120.49348863892304,1,0.0,1,0.0,mixed,947062083
130.87891457301347,3,0.3333333333333333,2,0.0,mixed,270331381
99.91646776016458,2,0.0,2,0.0,mixed,23632428
119.44676682211667,4,0.0,4,0.0,mixed,297709456
108.53522705872314,2,0.0,2,0.0,mixed,979380884
111.23785259994462,3,0.6666666666666666,1,0.0,mixed,281613492
117.63009896868061,1,1.0,0,9.3503764463666,mixed,102110446
124.61736845667953,1,1.0,0,0.0,mixed,671825981
121.76470872789204,1,1.0,0,0.0,mixed,59724038
102.88931164500244,1,0.0,1,9.461007586334652,mixed,86137688
95.96743541375359,2,0.5,1,0.0,mixed,92888548
95.51077761022543,0,0.0,0,0.0,mixed,360115504
98.14592339086349,1,0.0,1,0.0,mixed,12857887
111.6127276215193,2,0.0,2,8.642154587467902,mixed,850592294
96.92027177080811,2,0.0,2,0.0,mixed,604315746
82.91943948155183,0,0.0,0,0.0,mixed,933376854
110.62885639032353,2,0.5,1,0.0,mixed,491483332
116.13990246970621,2,0.5,1,0.0,mixed,556126833
106.84607307547654,0,0.0,0,0.0,mixed,601382121
92.52013720783096,1,1.0,0,0.0,mixed,466027100
127.28450694316328,1,1.0,0,0.0,mixed,564023863
167.96301229741633,1,1.0,0,0.0,mixed,572447778
131.94533973035038,3,0.3333333333333333,2,0.0,mixed,890459108
122.85255321595659,3,0.3333333333333333,2,9.063814595774652,mixed,918396857
114.32186645470769,1,0.0,1,7.273292637208252,mixed,172461396
82.23554379603387,2,0.0,2,0.0,mixed,255029669
108.72640649270527,1,1.0,0,0.0,mixed,942120869
92.17552589139882,1,0.0,1,0.0,mixed,244768250
109.49186520397475,1,0.0,1,0.0,mixed,787726626
96.65932152428252,1,0.0,1,0.0,mixed,583088375
89.31719706190447,1,0.0,1,7.860991329912155,mixed,639026252
80.71824423255661,1,1.0,0,0.0,mixed,77551482
119.15108488403283,4,0.0,4,0.0,mixed,659607267
89.57688663147457,1,0.0,1,0.0,mixed,69501320
138.89633244569373,1,1.0,0,8.506633070801483,mixed,546060229
99.80673162079601,0,0.0,0,0.0,mixed,787049330
92.5711923330305,0,0.0,0,0.0,mixed,917263299
100.20515761555285,0,0.0,0,0.0,mixed,989700665
90.11802852996682,1,0.0,1,0.0,mixed,233263205
97.51446590003427,2,0.5,1,0.0,mixed,767638912
71.38377701672809,0,0.0,0,0.0,mixed,599315992
82.96005862338467,0,0.0,0,0.0,mixed,733644002
122.60615403226122,1,1.0,0,10.655742656117102,mixed,814243061
84.9307796560572,2,0.0,2,0.0,mixed,474239616
110.9488166578252,1,0.0,1,0.0,mixed,134761451
91.94822332295098,2,0.0,2,0.0,mixed,788729358
96.39774384096086,0,0.0,0,0.0,mixed,615508274
137.1150157882569,2,0.5,1,9.791865323557913,mixed,133536672
117.27893024359753,2,0.0,2,0.0,mixed,402833475
104.99103398898544,1,1.0,0,7.94577365899748,mixed,145173711
107.55070924315355,1,0.0,1,0.0,mixed,766036341
99.5325340304624,1,0.0,1,0.0,mixed,334772570
106.43952660924592,2,0.0,2,0.0,mixed,67714360
96.87535558885894,3,0.0,3,0.0,mixed,284386355
111.79738194659359,0,0.0,0,0.0,mixed,606814380
110.55863395828187,2,0.5,1,9.23429518910595,mixed,591171255
107.02484936258283,1,0.0,1,10.761936116105929,mixed,857078689
123.59405520879088,0,0.0,0,0.0,mixed,360983802
86.74569811243038,1,1.0,0,8.590817902194921,mixed,628347862
142.49514294030445,2,0.5,1,9.348780577106627,mixed,944879565
76.58569546646805,0,0.0,0,0.0,mixed,321337695
109.95772507962616,2,0.0,2,9.209345588687595,mixed,655796055
91.61558720170437,0,0.0,0,0.0,mixed,600597782
132.37175700377242,2,0.0,2,0.0,mixed,338152842
78.37510654526977,0,0.0,0,0.0,mixed,562785032
101.93569844518944,2,0.0,2,0.0,mixed,668592788
104.51256977089254,1,0.0,1,0.0,mixed,818315231
151.3295096237425,3,0.0,3,10.700584538988007,mixed,128344401
117.4577193098089,1,1.0,0,0.0,mixed,471357154
95.916714739263,1,0.0,1,0.0,mixed,279991744
93.91044918530636,1,0.0,1,0.0,mixed,333911339
83.73499069877954,0,0.0,0,0.0,mixed,32718378
152.43720610635648,3,0.3333333333333333,2,0.0,mixed,83909388
86.77113743856707,1,0.0,1,0.0,mixed,926249126
104.73259316142372,2,0.5,1,0.0,mixed,554769619
96.50636308906272,0,0.0,0,8.940352158098099,mixed,421327229
76.365539393963,1,0.0,1,0.0,mixed,231698221
89.34646551713658,0,0.0,0,0.0,mixed,939112195
97.95787013501199,1,1.0,0,0.0,mixed,516082587
120.47021268724,2,0.5,1,7.238851679896757,mixed,985842813
117.57929091545692,1,0.0,1,0.0,mixed,659569532
95.66122201671045,1,0.0,1,0.0,mixed,993393960
72.33995981920008,0,0.0,0,0.0,mixed,881186179
93.85495644527681,0,0.0,0,0.0,mixed,742352529
100.27282090864448,2,0.5,1,0.0,mixed,355061014
91.12649130226887,1,0.0,1,7.861435001876668,mixed,777492507
111.1815972232538,2,0.0,2,0.0,mixed,318678966
98.95530294654768,0,0.0,0,9.481556170979395,mixed,859439759
130.44007092794666,2,0.0,2,0.0,mixed,313666741
97.56782816520725,1,0.0,1,0.0,mixed,77503574
110.21249760137384,0,0.0,0,7.945326886793936,mixed,117849644
89.987570132975,0,0.0,0,0.0,mixed,454193382
102.53961842705945,2,0.0,2,0.0,mixed,663183364
110.0172395125813,1,0.0,1,0.0,mixed,289387627
108.24000802635058,0,0.0,0,0.0,mixed,819654581
142.02420511345133,2,0.5,1,0.0,mixed,255567374
94.86364612325994,0,0.0,0,10.516821177417853,mixed,473004860
98.94113904112578,2,0.0,2,0.0,mixed,335941520
116.79999802979366,2,0.0,2,0.0,mixed,558297396
117.88151455936426,1,0.0,1,0.0,mixed,189042956
111.89175181255708,2,0.0,2,0.0,mixed,958480113
99.71070786202493,1,0.0,1,0.0,mixed,698915171
128.43795986341325,2,0.0,2,0.0,mixed,530731704
70.28128141302028,0,0.0,0,0.0,mixed,745034886
114.8188293580765,3,0.3333333333333333,2,0.0,mixed,468672314
130.3261137917634,1,1.0,0,0.0,mixed,889498357
106.16092039296215,3,0.3333333333333333,2,0.0,mixed,66290785
77.2055450775898,0,0.0,0,0.0,mixed,215790576
77.71843431442979,1,0.0,1,0.0,mixed,456595267
114.3343241571194,4,0.0,4,0.0,mixed,650166058
118.62448032073627,2,0.5,1,0.0,mixed,706958379
83.58163449791505,0,0.0,0,0.0,mixed,717394505
101.70452076739367,3,0.0,3,7.551339242666292,mixed,940330025
90.73095439531029,2,0.0,2,0.0,mixed,842227929
110.33564979657872,2,0.0,2,0.0,mixed,915640202
96.36416998412975,1,0.0,1,0.0,mixed,343785545
135.47262708335762,3,0.0,3,0.0,mixed,695484551
116.41094232607011,1,1.0,0,7.493392563668995,mixed,688794705
84.57754655402076,1,0.0,1,0.0,mixed,604780055
107.34024234920139,1,0.0,1,0.0,mixed,604400605
115.80274981088506,2,0.5,1,0.0,mixed,525097820
115.38990894082129,1,1.0,0,0.0,mixed,409361033
90.87083292309083,1,0.0,1,9.096495193028915,mixed,136892015
104.40770037484853,1,1.0,0,0.0,mixed,2609861
80.56867720235883,2,0.0,2,0.0,mixed,353048433
133.38481989209455,3,0.0,3,0.0,mixed,372253948
107.90822081927719,1,1.0,0,0.0,mixed,242373430
102.12878366900921,1,1.0,0,7.483086750780011,mixed,216523501
107.88459454987535,2,0.0,2,0.0,mixed,44272061
90.25829986315883,1,0.0,1,0.0,mixed,113637993
106.42750345461721,2,0.0,2,0.0,mixed,657541784
141.07473230990632,3,0.3333333333333333,2,9.951657672748864,mixed,367679424
104.58270806140284,2,0.0,2,0.0,mixed,619368292
70.2668901944989,1,0.0,1,0.0,mixed,100980791
103.67004786841089,1,0.0,1,0.0,mixed,762919191
98.59872808477104,1,0.0,1,10.044263625147973,mixed,267198931
126.80027420282013,2,1.0,0,0.0,mixed,59043888
97.32561501627076,1,0.0,1,0.0,mixed,914456122
93.90223351365574,3,0.0,3,0.0,mixed,359572506
85.26278391235124,1,0.0,1,9.896506659085878,mixed,318782081
111.20771327069102,2,0.0,2,0.0,mixed,47933151
72.62353586493474,1,0.0,1,0.0,mixed,585889514
75.22437862325538,1,0.0,1,0.0,mixed,279246365
102.61299963304104,0,0.0,0,0.0,mixed,238744779
100.7984275116867,1,0.0,1,0.0,mixed,676131161
99.79860312102957,1,0.0,1,0.0,mixed,667979924
112.62883237124953,2,0.0,2,8.617189223894883,mixed,146168435
109.39684912270984,1,0.0,1,10.455965182961918,mixed,127656387
125.61172331249053,2,0.5,1,7.904808549058899,mixed,242223027
116.55731366273203,0,0.0,0,0.0,mixed,789809383
86.89382673418562,0,0.0,0,0.0,mixed,266543385
108.85902309221214,2,0.0,2,0.0,mixed,422946044
98.59441336486918,0,0.0,0,0.0,mixed,128398003
89.69242690817902,0,0.0,0,0.0,mixed,666474314
126.23545753979265,1,1.0,0,7.344446423508106,mixed,758249565
103.58236822875497,2,0.0,2,0.0,mixed,865808947
112.58202163225917,3,0.0,3,7.532414680081751,mixed,554282538
86.21719308625465,1,0.0,1,0.0,mixed,277094637
82.01497423060087,1,0.0,1,0.0,mixed,438145010
81.79616820005947,0,0.0,0,0.0,mixed,156084984
109.20130697336046,2,0.5,1,0.0,mixed,240626041
107.97519264122035,2,0.0,2,8.091088916253286,mixed,481141784
144.20468185423775,2,0.5,1,0.0,mixed,781365893
77.62203964784722,0,0.0,0,0.0,mixed,258869164
70.14273337345473,0,0.0,0,0.0,mixed,365285056
111.05907694315222,0,0.0,0,7.687746082660667,mixed,43090690
104.29658033567209,1,0.0,1,0.0,mixed,546299589
98.79149324152775,3,0.0,3,0.0,mixed,965369269
105.34144667785152,1,0.0,1,0.0,mixed,575339609
103.95048606950405,1,0.0,1,0.0,mixed,30464807
126.11488887274561,1,1.0,0,0.0,mixed,573825298
112.77897279229155,1,0.0,1,0.0,mixed,120469077
105.13262641873422,2,0.5,1,0.0,mixed,692140600
120.30937223028056,0,0.0,0,0.0,mixed,465812530
97.63835888276235,1,0.0,1,0.0,mixed,363446559
89.75262567460175,0,0.0,0,0.0,mixed,207854941
99.70761150050059,1,0.0,1,9.473655072854989,mixed,176010608
98.37556033074796,1,0.0,1,0.0,mixed,335135037
97.2218460342197,0,0.0,0,0.0,mixed,450026130
120.97156625542172,2,0.0,2,0.0,mixed,567565241
107.5516859653055,1,0.0,1,0.0,mixed,957841952
105.94781571759056,1,1.0,0,0.0,mixed,32461195
103.44574349576897,0,0.0,0,9.559700453459985,mixed,936312224
96.32868020366318,0,0.0,0,0.0,mixed,561291305
92.45397026519105,1,0.0,1,0.0,mixed,73895975
136.1104875450714,2,0.5,1,9.017006651710627,mixed,866883193
91.42106179095283,1,0.0,1,0.0,mixed,288175715
88.08142542609934,1,1.0,0,8.036780500522722,mixed,300725834
107.83503384840806,1,0.0,1,0.0,mixed,811432872
97.02956453167761,1,0.0,1,0.0,mixed,918603757
106.22322716061865,3,0.0,3,8.755147482455065,mixed,296347217
80.22762874554756,1,0.0,1,0.0,mixed,475227154
123.18382803898366,1,1.0,0,9.063766702145726,mixed,717834357
120.70540565063574,3,0.3333333333333333,2,0.0,mixed,180250601
106.60754412145882,0,0.0,0,10.573944552410836,mixed,718793204
98.8883326301926,2,0.0,2,0.0,mixed,225146044
85.07931497275986,1,0.0,1,0.0,mixed,850551259
93.73864047389019,1,0.0,1,0.0,mixed,133403813
125.2610331793454,1,0.0,1,0.0,mixed,979625848
110.01045632024163,2,0.0,2,0.0,mixed,720780836
85.94493186465249,1,0.0,1,0.0,mixed,275480852
107.79042841812627,2,0.5,1,0.0,mixed,806677493
88.67440553050818,1,0.0,1,0.0,mixed,628308458
134.43377374932496,2,0.5,1,9.510611749365435,mixed,476001666
101.36616778621293,1,0.0,1,0.0,mixed,739260795
103.93127379627157,1,0.0,1,8.537982050048788,mixed,689375080
115.78346449784316,1,0.0,1,0.0,mixed,79629337
97.70355376553482,0,0.0,0,0.0,mixed,229615853
96.11343626571043,2,0.0,2,0.0,mixed,662961337
129.19383597864552,2,0.5,1,8.62869640155664,mixed,405512373
128.3056511126011,4,0.0,4,7.4967521267404,mixed,321515515
96.9159742562359,1,0.0,1,0.0,mixed,545213097
124.19478061706963,1,0.0,1,0.0,mixed,161469042
110.56112018937228,2,0.5,1,0.0,mixed,982462924
84.38404463061634,1,1.0,0,0.0,mixed,549471557
85.38593207291603,0,0.0,0,0.0,mixed,6994517
82.91545244719634,0,0.0,0,0.0,mixed,461883597
70.39604938221903,0,0.0,0,0.0,mixed,743939776
124.95689543885754,1,0.0,1,9.61826491155164,mixed,577079832
109.40270657005678,1,1.0,0,0.0,mixed,509541480
97.90615103051945,1,0.0,1,0.0,mixed,641917590
100.91409349100567,1,0.0,1,0.0,mixed,25373458
117.57796812254821,1,0.0,1,7.997311582696495,mixed,498668861
102.73957552349694,1,1.0,0,0.0,mixed,402353800
93.02931838689427,1,0.0,1,9.459905791669703,mixed,905150707
90.16870995603028,0,0.0,0,0.0,mixed,583419921
89.61908715347776,0,0.0,0,0.0,mixed,177914198
90.258225745189,0,0.0,0,0.0,mixed,853393274
119.8489551617887,2,0.5,1,8.032075822520246,mixed,288791648
92.779957154986,1,1.0,0,0.0,mixed,995912217
117.35110419214107,1,0.0,1,0.0,mixed,356221640
154.81801624080788,3,0.3333333333333333,2,9.222712654636025,mixed,848264512
88.09480958629783,2,0.0,2,0.0,mixed,774382019
118.00090753452403,0,0.0,0,10.082971208332278,mixed,722460629
109.43478467900913,1,0.0,1,0.0,mixed,652098116
116.20936973859753,1,0.0,1,0.0,mixed,22446694
107.19160061517103,1,0.0,1,7.910199509614131,mixed,873279578
70.73867130610175,0,0.0,0,0.0,mixed,744441890
126.93287172908661,1,1.0,0,0.0,mixed,462178737
124.54543018166119,1,0.0,1,0.0,mixed,771537037
134.08475774238858,2,0.0,2,10.72727497182581,mixed,656792184
115.58050145927493,3,0.0,3,10.239653986223548,mixed,770241465
102.76319025147085,2,0.0,2,0.0,mixed,533307186
79.87761714657991,0,0.0,0,0.0,mixed,78372904
103.94998497146074,1,0.0,1,9.33992093469643,mixed,407970176
88.900109580683,1,0.0,1,8.397065253745907,mixed,212139148
83.00503801117526,0,0.0,0,0.0,mixed,862679769
87.48166241628638,1,0.0,1,0.0,mixed,895385026
87.24455094720275,0,0.0,0,0.0,mixed,202911662
110.65632535576587,3,0.0,3,0.0,mixed,879432059
85.56061534087506,0,0.0,0,0.0,mixed,329515457
114.29296594906945,2,0.0,2,0.0,mixed,205572657
152.02942641467152,3,0.3333333333333333,2,10.384187224383357,mixed,272175275
106.04304688930209,0,0.0,0,7.334490317057251,mixed,551375658
121.21375026023924,1,1.0,0,0.0,mixed,239506277
131.6985734515385,0,0.0,0,0.0,mixed,262683258
101.64596426222641,1,0.0,1,0.0,mixed,699362893
89.33924212420524,0,0.0,0,0.0,mixed,416284771
110.63268671044793,0,0.0,0,0.0,mixed,697350621
103.95272610991289,2,0.0,2,0.0,mixed,97566853
115.1210867721612,1,1.0,0,7.404222044562125,mixed,281760236
102.03468117507924,1,0.0,1,0.0,mixed,361983309
81.2949444377426,1,0.0,1,0.0,mixed,270680901
96.7604693795459,1,1.0,0,0.0,mixed,395582323
93.21155356387624,1,0.0,1,8.681903461940234,mixed,919130490
87.85144914795917,0,0.0,0,0.0,mixed,460020802
83.51306419736297,1,0.0,1,0.0,mixed,587970216
86.90591350121396,0,0.0,0,0.0,mixed,789388735
110.52761188209195,3,0.0,3,8.222523726013836,mixed,177516493
122.72742354921809,1,1.0,0,0.0,mixed,427564542
112.19912298559527,2,0.0,2,0.0,mixed,621604685
92.54375537847085,0,0.0,0,0.0,mixed,119632138
112.84171342098712,1,0.0,1,0.0,mixed,637360117
95.85384396206226,0,0.0,0,10.593689790718614,mixed,924219468
106.01969448296452,3,0.0,3,0.0,mixed,532447849
100.61751426958568,1,0.0,1,0.0,mixed,898454082
106.81760438972078,1,1.0,0,8.400138583212831,mixed,420992707
82.32534836370824,0,0.0,0,0.0,mixed,400275625
93.16753165014997,2,0.0,2,8.893771325291183,mixed,310793011
85.79967732500185,1,1.0,0,0.0,mixed,520172336
109.17968313407003,1,1.0,0,0.0,mixed,574999508
104.09250288326403,2,0.0,2,9.115513734010777,mixed,105606615
93.41581124559053,2,0.5,1,0.0,mixed,975832013
97.0695397841406,1,0.0,1,0.0,mixed,153115960
84.4953386484062,0,0.0,0,0.0,mixed,552986964
86.37001070416775,0,0.0,0,0.0,mixed,310472492
102.04289425288874,0,0.0,0,0.0,mixed,887012146
115.4419329520093,1,0.0,1,0.0,mixed,644052865
96.79723426957078,1,0.0,1,0.0,mixed,27308656
138.71551714535346,2,1.0,0,7.533267512513301,mixed,203097402
72.59876276220498,1,0.0,1,0.0,mixed,864767979
88.60331644262459,0,0.0,0,0.0,mixed,550911423
117.658832608934,1,0.0,1,0.0,mixed,569472896
120.5596209496537,0,0.0,0,0.0,mixed,646677453
104.11063900293988,3,0.0,3,7.896189005622592,mixed,487558078
107.01096274726791,2,0.0,2,0.0,mixed,510849687
72.49829165100742,0,0.0,0,0.0,mixed,368804288
93.45260623807017,0,0.0,0,9.686351219138697,mixed,490531181
114.15324624099767,0,0.0,0,0.0,mixed,295265712
102.62301901008894,2,0.0,2,0.0,mixed,747828922
86.88184731379732,0,0.0,0,0.0,mixed,678829796
94.05979229172654,1,0.0,1,0.0,mixed,716843906
85.8294822762775,1,0.0,1,9.849205626648486,mixed,365735055
131.66645724351477,1,1.0,0,0.0,mixed,395540362
74.64059609710603,0,0.0,0,0.0,mixed,435234707
160.34240889213854,2,1.0,0,10.136470034450893,mixed,602575608
99.48857924837158,1,1.0,0,0.0,mixed,776848287
98.23834908579398,2,0.0,2,0.0,mixed,8882007
84.56893403846286,2,0.0,2,0.0,mixed,946182972
90.31816078471535,1,0.0,1,0.0,mixed,862168496
119.18001850042003,2,0.0,2,0.0,mixed,993656853
103.89404467876275,0,0.0,0,0.0,mixed,277725181
95.2570342063582,1,0.0,1,0.0,mixed,484915236
116.62982485074373,1,0.0,1,0.0,mixed,546402673
129.23879405641694,2,0.5,1,10.745175647162679,mixed,138169054
95.17582677800732,2,0.0,2,0.0,mixed,357283308
130.70668735173695,1,0.0,1,0.0,mixed,24923602
95.6998529867679,0,0.0,0,10.24762871154726,mixed,119090711
107.3732206606353,1,0.0,1,0.0,mixed,494656705
93.77287844653017,1,1.0,0,9.241081413843034,mixed,315842682
119.39158282506114,2,0.0,2,0.0,mixed,76354991
114.0341555543668,2,0.0,2,0.0,mixed,835602195
111.34188437554235,1,0.0,1,8.275269742193776,mixed,117713079
114.44361964867647,1,0.0,1,0.0,mixed,231650046
99.88777435870217,1,0.0,1,0.0,mixed,234839079
114.9373454011128,2,0.5,1,0.0,mixed,516458234
115.60031215089563,2,0.0,2,0.0,mixed,991993097
98.21539364457792,2,0.0,2,0.0,mixed,162228557
124.58490610755086,2,0.0,2,7.390163453423055,mixed,333082207
73.07062923421957,1,0.0,1,0.0,mixed,110132118
93.47080941426434,1,0.0,1,0.0,mixed,7387545
78.92160778114666,1,0.0,1,0.0,mixed,915923774
91.56521320212767,1,1.0,0,0.0,mixed,223634529
86.98840203041047,1,0.0,1,0.0,mixed,622069740
117.95184587175167,4,0.0,4,0.0,mixed,884284075
101.22301637006301,1,1.0,0,8.862015255590261,mixed,739900702
119.70953231236491,1,1.0,0,0.0,mixed,42287962
110.95367435309394,2,0.0,2,10.54557042827455,mixed,354733455
90.26407689823716,2,0.5,1,0.0,mixed,50216103
117.89912577785918,3,0.0,3,0.0,mixed,933832508
109.47555271159192,0,0.0,0,10.238744397527878,mixed,463430012
120.1345189060108,3,0.0,3,9.643419605798021,mixed,976100635
87.54938671075874,0,0.0,0,0.0,mixed,400683037
99.00613836092387,1,0.0,1,10.486608161463268,mixed,558455701
117.9118959524876,2,0.0,2,0.0,mixed,62871701
75.07633244650323,0,0.0,0,0.0,mixed,986840276
96.77407921406959,0,0.0,0,10.175022126783203,mixed,858046862
73.99427467136432,1,0.0,1,0.0,mixed,505794352
119.59401142112185,1,1.0,0,8.75838280772786,mixed,232111925
95.8530084270034,1,0.0,1,0.0,mixed,439740283
125.99488015527471,1,1.0,0,0.0,mixed,436693371
110.8608563960708,3,0.0,3,0.0,mixed,785434001
100.32345339533948,2,0.0,2,0.0,mixed,298027566
